Kwalificatiecrebo;"Crebo nieuw"
25218;25713
25474;25779
25193;25716
25102;25785
25116;25826
25118;25828
25023;25791
25091;25750
25092;25751
25093;25752
25250;25740
25251;25741
25252;25742
25253;25744
25254;25743
25255;25745
25657;25746
25256;25747
25257;25748
25228;25714
25377;25793
25194;25717
25094;25753
25138;25725
25576;25730
25475;25780
25476;25780
25577;25731
25229;25715
25266;25763
25331;25735
25332;25736
25267;25764
25269;25765
25270;25766
25307;25821
25348;25834
25349;25835
25236;25830
25153;25809
25139;25723
25195;25718
25158;25771
25140;25725
25145;25726
25544;25726
25545;25726
25546;25726
25547;25726
25172;25720
25371;25774
25388;25776
25372;25775
25378;25778
25574;25728
25162;25807
25379;25777
25335;25759
25336;25760
25149;25724
25580;25732
25147;25749
25196;25719
25146;25726
25148;25727
25202;25799
25211;25810
25150;25724
25103;25786
25271;25767
25333;25737
25272;25768
25273;25769
25274;25770
25573;25723
25303;25802
25095;25754
25183;25797
25477;25779
25478;25779
25389;25777
25203;25800
25204;25798
25205;25798
25206;25798
25487;25801
25337;25761
25338;25762
25578;25733
25013;25772
25212;25811
25219;25712
25024;25792
25096;25755
25262;25738
25263;25739
25311;25825
25237;25831
25117;25827
25479;25779
25128;25829
25014;25773
25173;25721
25579;25734
25097;25756
25238;25832
25154;25809
25239;25712
25240;25713
25155;25809
25501;25809
25167;25808
25098;25757
25174;25722
